Pais,Growth Manager,Marca,Sucursal,App,Mes,Visitas,Conversión,Ordenes,Ventas,Recompra,NPS,Disponibilidad,Órdenes con Demora (%),Órdenes Canceladas (%),Tiempo de Preparación
Argentina,Juanchi,MARCA A ,Devoto,Pedidos Ya,1 jun 2025,16668,0.1972,3287,80581268.3,,4.6,0.9284,0.1972,0.0012,14
Argentina,Juanchi,MARCA A ,Belgrano,Pedidos Ya,1 jun 2025,15632,0.2019,3156,73300361.8,,4.6,0.9237,0.2019,0.0031,15
Argentina,Juanchi,MARCA A ,Urquiza,Rappi,1 ago 2024,23553,0.132,3109,65007470,0.7758,4.3,0.985,,0.0003,
Argentina,Juanchi,MARCA A ,Urquiza,Rappi,1 jun 2025,24432,0.125,3054,85972146,0.7417,4.45,0.9995,,0,
Argentina,Juanchi,MARCA A ,Urquiza,Pedidos Ya,1 jun 2025,16105,0.1805,2907,72389060.85,,4.6,0.9334,0.1805,0.001,17
Argentina,Juanchi,MARCA A ,Urquiza,Rappi,1 sept 2024,20781,0.137,2847,56761475,0.7942,4.55,0.9975,,0.0004,
Argentina,Juanchi,MARCA A ,Recoleta,Pedidos Ya,1 jun 2025,18501,0.1528,2827,63592460.05,,4.7,0.9565,0.1528,0.001,12
Argentina,Juanchi,MARCA A ,Devoto,Pedidos Ya,1 may 2025,15416,0.1671,2576,68186608.5,,4.7,0.9575,0.1671,0.0023,13
Argentina,Juanchi,MARCA A ,Urquiza,Pedidos Ya,1 may 2025,14407,0.172,2478,64102334.5,,4.6,0.9399,0.172,0.002,17
Argentina,Juanchi,MARCA A ,Urquiza,Rappi,1 may 2025,16233,0.15,2435,69186178,0.7347,3.8,0.9964,,0.0016,
Argentina,Juanchi,MARCA A ,Recoleta,Pedidos Ya,1 may 2025,16465,0.1454,2394,59327829,,4.7,0.9613,0.1454,0.0024,12
Argentina,Juanchi,MARCA A ,Devoto,Pedidos Ya,1 oct 2024,13140,0.1815,2385,49623651,,4.6,0.9959,0.1815,0.0012,14
Argentina,Juanchi,MARCA A ,Urquiza,Rappi,1 abr 2025,11919,0.197,2348,63425133,0.8096,4.65,0.9963,,0,
Argentina,Juanchi,MARCA A ,Belgrano,Pedidos Ya,1 may 2025,13660,0.1694,2314,58402937.5,,4.6,0.9512,0.1694,0.0055,15
Argentina,Juanchi,MARCA A ,Belgrano,Rappi,1 jun 2025,17822,0.129,2299,66247383,0.7512,3.95,0.9959,,0.0009,
Argentina,Juanchi,MARCA A ,Urquiza,Pedidos Ya,1 jul 2024,10215,0.2138,2184,37402875.5,,4.6,0.9945,0.2138,0.0005,30
Argentina,Juanchi,MARCA A ,Urquiza,Rappi,1 oct 2024,17959,0.121,2173,47905290,0.8233,4.6,0.9931,,0,
Argentina,Juanchi,MARCA A ,Devoto,Pedidos Ya,1 nov 2024,13149,0.1642,2159,48122865.5,,4.6,0.989,0.1642,0.0014,14
Argentina,Juanchi,MARCA A ,Devoto,Pedidos Ya,1 abr 2025,11697,0.1844,2157,54332315.5,,4.7,0.9508,0.1844,0.0014,13
Argentina,Juanchi,MARCA A ,Devoto,Pedidos Ya,1 ago 2024,11300.16051,0.1869,2112,40627238.5,,4.5,0.9659,0.1708,0.0014,18
Argentina,Juanchi,MARCA A ,Urquiza,Rappi,1 jul 2024,10611,0.198,2101,44636010,0.7987,4.65,1,,0,
Argentina,Juanchi,MARCA A ,Devoto,Pedidos Ya,1 sept 2024,11737,0.1785,2095,43029531.5,,4.6,0.9913,0.1785,0.0009,16
Argentina,Juanchi,MARCA A ,Recoleta,Rappi,1 jun 2025,19673,0.104,2046,58749590,0.672,4.6,0.9995,,0.001,
Argentina,Juanchi,MARCA A ,Devoto,Pedidos Ya,1 jul 2024,11897,0.1708,2032,35149728.5,,4.5,0.967,0.1708,0.0044,19
Argentina,Juanchi,MARCA A ,Devoto,Pedidos Ya,1 mar 2025,11734,0.1713,2010,53829603.5,,4.6,0.9628,0.1713,0.0029,14
Argentina,Juanchi,MARCA A ,Belgrano,Rappi,1 may 2025,13821,0.145,2004,60724392,0.731,4.05,0.9978,,0.0015,
Argentina,Juanchi,MARCA A ,Urquiza,Pedidos Ya,1 oct 2024,11372,0.1756,1997,43108010.5,,4.6,0.9933,0.1756,0.0005,24
Argentina,Juanchi,MARCA A ,Urquiza,Pedidos Ya,1 abr 2025,10958,0.1806,1979,48747419,,4.6,0.9675,0.1806,0.0015,17
Argentina,Juanchi,MARCA A ,Urquiza,Pedidos Ya,1 ago 2024,10212.98701,0.1925,1966,38954703.7,,4.6,0.9836,0.2138,0.0025,29
Argentina,Juanchi,MARCA A ,Belgrano,Pedidos Ya,1 oct 2024,11975,0.1615,1934,41102698,,4.5,0.9967,0.1615,0,17
Argentina,Juanchi,MARCA A ,Urquiza,Rappi,1 mar 2025,9377,0.204,1913,55224435,0.7893,4.75,0.9859,,0,
Argentina,Juanchi,MARCA A ,Urquiza,Rappi,1 nov 2024,18327,0.104,1906,50554415,0.7728,4.15,0.9892,,0.001,
Argentina,Juanchi,MARCA A ,Recoleta,Pedidos Ya,1 abr 2025,12842,0.1464,1880,41722173.1,,4.7,0.9836,0.1464,0.001,11
Argentina,Juanchi,MARCA A ,Belgrano,Pedidos Ya,1 sept 2024,11139,0.1685,1877,37775822.5,,4.5,0.976,0.1685,0.0026,20
Argentina,Juanchi,MARCA A ,Belgrano,Pedidos Ya,1 abr 2025,10514,0.1752,1842,44160221.5,,4.6,0.96,0.1752,0.0016,15
Argentina,Juanchi,MARCA A ,Urquiza,Pedidos Ya,1 sept 2024,10613,0.1714,1819,36988579.5,,4.6,0.9951,0.1714,0.0011,26
Argentina,Juanchi,MARCA A ,Recoleta,Pedidos Ya,1 ago 2024,11828.87002,0.1531,1811,31437286.1,,4.6,0.9937,0.1367,0.0016,18
Argentina,Juanchi,MARCA A ,Belgrano,Pedidos Ya,1 ago 2024,10260.77098,0.1764,1810,32904542.5,,4.5,0.9799,0.1847,0.0011,22
Argentina,Juanchi,MARCA A ,Devoto,Pedidos Ya,1 dic 2024,1966,0.9196,1808,43885216.25,,4.6,0.9919,0.9196,0.0124,14
Argentina,Juanchi,MARCA A ,Belgrano,Rappi,1 sept 2024,12640,0.139,1757,37319580,0.7928,4.6,0.9933,,0,
Argentina,Juanchi,MARCA A ,Recoleta,Pedidos Ya,1 sept 2024,13311,0.1314,1749,33731437,,4.6,0.9979,0.1314,0,16
Argentina,Juanchi,MARCA A ,Urquiza,Rappi,1 dic 2024,13457,0.129,1736,48207535,0.7661,4.9,0.9979,,0.0006,
Argentina,Juanchi,MARCA A ,Urquiza,Rappi Turbo,1 jun 2025,17887,0.097,1735,43034014,0.5735,4.25,0.994,,0,
Argentina,Juanchi,MARCA A ,Urquiza,Pedidos Ya,1 mar 2025,9738,0.1759,1713,45208383.5,,4.6,0.9546,0.1759,0.0029,17
Argentina,Juanchi,MARCA A ,Belgrano,Rappi,1 abr 2025,8207,0.208,1707,48005754,0.7862,4.45,0.9982,,0,
Argentina,Juanchi,MARCA A ,Belgrano,Rappi,1 oct 2024,12529,0.136,1704,37127055,0.7746,3.85,0.9978,,0,
Argentina,Juanchi,MARCA A ,Urquiza,Pedidos Ya,1 nov 2024,9982,0.1678,1675,38827932,,4.5,0.9914,0.1678,0.0024,22
Argentina,Juanchi,MARCA A ,Recoleta,Rappi,1 ago 2024,16058,0.104,1670,33630725,0.7084,4.15,0.9969,,0,
Argentina,Juanchi,MARCA A ,Recoleta,Rappi,1 may 2025,13426,0.122,1638,49297050,0.6484,4.65,0.9937,,0.0037,
Argentina,Juanchi,MARCA A ,Belgrano,Rappi,1 jul 2024,7799,0.209,1630,32781590,0.7816,4.1,0.9961,,0.0006,
Argentina,Juanchi,MARCA A ,Belgrano,Pedidos Ya,1 jul 2024,8814,0.1847,1628,28594203.5,,4.5,0.9567,0.1847,0.0018,23
Argentina,Juanchi,MARCA A ,Recoleta,Rappi,1 sept 2024,10196,0.158,1611,35106270,0.7604,4.3,0.9875,,0,
Argentina,Juanchi,MARCA A ,Belgrano,Pedidos Ya,1 mar 2025,9398,0.1711,1608,41548694.5,,4.6,0.9783,0.1711,0.0024,15
Argentina,Juanchi,MARCA A ,Urquiza,Rappi,1 feb 2025,9456,0.169,1598,43199615,0.8004,4.25,1,,0,
Argentina,Juanchi,MARCA A ,Devoto,Pedidos Ya,1 ene 2025,1854,0.8466,1570,41713755,,4.6,0.9699,0.8466,0.005,14
Argentina,Juanchi,MARCA A ,Belgrano,Rappi,1 dic 2024,11165,0.139,1552,43922850,0.7352,4.4,0.9648,,0.0013,
Argentina,Juanchi,MARCA A ,Belgrano,Pedidos Ya,1 dic 2024,1636,0.9468,1549,38657535.6,,4.5,0.9687,0.9468,0.0006,17
Argentina,Juanchi,MARCA A ,Urquiza,Rappi,1 ene 2025,9307,0.166,1545,43753930,0.8058,4.3,0.9859,,0.0013,
Argentina,Juanchi,MARCA A ,Urquiza,Pedidos Ya,1 dic 2024,1735,0.8899,1544,37508733.75,,4.6,0.9928,0.8899,0.0006,21
Argentina,Juanchi,MARCA A ,Recoleta,Pedidos Ya,1 oct 2024,12332,0.1248,1539,33873919.5,,4.6,0.9967,0.1248,0.0006,15
Argentina,Juanchi,MARCA A ,Belgrano,Pedidos Ya,1 nov 2024,9784,0.1573,1539,36389500,,4.6,0.9944,0.1573,0.0006,18
Argentina,Juanchi,MARCA A ,Recoleta,Rappi,1 oct 2024,9968,0.154,1535,35645245,0.7557,4.05,0.9874,,0,
Argentina,Juanchi,MARCA A ,Recoleta,Pedidos Ya,1 mar 2025,11475,0.1322,1517,38318976.5,,4.7,0.9823,0.1322,0.0013,12
Argentina,Juanchi,MARCA A ,Devoto,Pedidos Ya,1 feb 2025,9928,0.1528,1517,38464102.5,,4.7,0.9629,0.1528,0.0013,15
Argentina,Juanchi,MARCA A ,Belgrano,Rappi,1 ago 2024,12377,0.122,1510,31775810,0.7947,4.8,0.9915,,0.0007,
Argentina,Juanchi,MARCA A ,Recoleta,Rappi,1 jul 2024,7413,0.201,1490,30556240,0.6644,4.5,0.9502,,0,
Argentina,Juanchi,MARCA A ,Belgrano,Rappi,1 nov 2024,12991,0.112,1455,37754760,0.7485,4.4,0.9871,,0,
Argentina,Juanchi,MARCA A ,Devoto,Rappi,1 may 2025,10714,0.133,1425,42667527,0.7095,4.4,1,,0.0021,
Argentina,Juanchi,MARCA A ,Devoto,Rappi,1 jun 2025,11858,0.12,1423,41505863,0.7407,4.65,0.9894,,0.0007,
Argentina,Juanchi,MARCA A ,Belgrano,Rappi Turbo,1 may 2025,12154,0.117,1422,29141393.5,0.5556,4.4,0.9751,,0.0007,
Argentina,Juanchi,MARCA A ,Urquiza,Rappi Turbo,1 may 2025,15293,0.092,1407,27943565,0.4513,4.4,0.9756,,0.0021,
Argentina,Juanchi,MARCA A ,Urquiza,Pedidos Ya,1 feb 2025,8470,0.1634,1384,34813303.5,,4.6,0.9844,0.1634,0.0014,18
Argentina,Juanchi,MARCA A ,Urquiza,Pedidos Ya,1 ene 2025,1655,0.829,1372,35921771.5,,4.6,0.9886,0.829,0.0036,18
Argentina,Juanchi,MARCA A ,Recoleta,Rappi,1 abr 2025,7534,0.178,1341,38790624,0.7271,4.75,1,,0.0007,
Argentina,Juanchi,MARCA A ,Belgrano,Rappi,1 ene 2025,8763,0.152,1332,37696095,0.7725,4.2,0.9962,,0,
Argentina,Juanchi,MARCA A ,Recoleta,Pedidos Ya,1 jul 2024,9656,0.1367,1320,22774179.5,,4.6,0.9911,0.1367,0.0022,19
Argentina,Juanchi,MARCA A ,Belgrano,Rappi,1 mar 2025,7497,0.175,1312,39698130,0.8095,4.4,0.9998,,0.0015,
Argentina,Juanchi,MARCA A ,Recoleta,Pedidos Ya,1 nov 2024,10362,0.1242,1287,28275697.5,,4.6,0.9955,0.1242,0.0015,14
Argentina,Juanchi,MARCA A ,Belgrano,Rappi,1 feb 2025,6762,0.189,1278,35240010,0.7887,4.85,1,,0.0023,
Argentina,Juanchi,MARCA A ,Belgrano,Rappi Turbo,1 jun 2025,14033,0.09,1263,31321605,0.6065,4.8,0.9906,,0.0008,
Argentina,Juanchi,MARCA A ,Recoleta,Rappi,1 nov 2024,12262,0.103,1263,35035905,0.7007,4.8,0.9998,,0,
Argentina,Juanchi,MARCA A ,Belgrano,Pedidos Ya,1 ene 2025,1412,0.8748,1235,31306935,,4.6,0.9802,0.8748,0.0032,15
Argentina,Juanchi,MARCA A ,Belgrano,Pedidos Ya,1 feb 2025,7597,0.1606,1220,31067417.5,,4.6,0.9735,0.1606,0.0024,15
Argentina,Juanchi,MARCA A ,Recoleta,Pedidos Ya,1 dic 2024,1272,0.9581,1219,30275808.25,,4.6,0.9886,0.9581,0.0024,14
Argentina,Juanchi,MARCA A ,Devoto,Rappi,1 sept 2024,9650,0.12,1158,24325940,0.7858,4.85,0.9966,,0.0009,
Argentina,Juanchi,MARCA A ,Devoto,Rappi,1 jul 2024,6052,0.191,1156,22664225,0.7578,4.65,0.9959,,0,
Argentina,Juanchi,MARCA A ,Recoleta,Rappi,1 dic 2024,9449,0.118,1115,30828235,0.6664,4.7,0.9967,,0,
Argentina,Juanchi,MARCA A ,Devoto,Rappi,1 ago 2024,10168,0.107,1088,21694190,0.807,3.95,0.9853,,0.0028,
Argentina,Juanchi,MARCA A ,Recoleta,Rappi,1 mar 2025,6824,0.159,1085,32815550,0.7373,4.4,0.9972,,0.0009,
Argentina,Juanchi,MARCA A ,Devoto,Rappi,1 dic 2024,8900,0.12,1068,30447610,0.7172,4.85,0.9981,,0.0019,
Argentina,Juanchi,MARCA A ,Devoto,Rappi,1 abr 2025,5508,0.191,1052,31385173,0.8061,4.4,0.9993,,0,
Argentina,Juanchi,MARCA A ,Devoto,Rappi,1 oct 2024,8382,0.123,1031,23807530,0.7798,4.9,0.9998,,0,
Argentina,Juanchi,MARCA A ,Urquiza,Rappi Turbo,1 dic 2024,7792,0.13,1013,22985250,0.5499,4.8,0.947,,0.001,
Argentina,Juanchi,MARCA A ,Belgrano,Rappi Turbo,1 mar 2025,9009,0.112,1009,20785610,0.6373,4.45,0.9894,,0,
Argentina,Juanchi,MARCA A ,Recoleta,Pedidos Ya,1 feb 2025,8354,0.1203,1005,24784439,,4.7,0.9784,0.1203,0.0029,12
Argentina,Juanchi,MARCA A ,Devoto,Rappi,1 ene 2025,7243,0.136,985,27566705,0.7574,4.5,0.9991,,0,
Argentina,Juanchi,MARCA A ,Recoleta,Rappi,1 feb 2025,6127,0.157,962,27993300,0.7308,4,0.9923,,0.001,
Argentina,Juanchi,MARCA A ,Devoto,Rappi,1 mar 2025,5588,0.17,950,29692140,0.7789,4.4,0.9915,,0,
Argentina,Juanchi,MARCA A ,Recoleta,Pedidos Ya,1 ene 2025,1011,0.9192,929,24085553.5,,4.6,0.9627,0.9192,0.0021,13
Argentina,Juanchi,MARCA A ,Devoto,Rappi,1 nov 2024,8505,0.109,927,25457710,0.7551,4.35,0.9906,,0.0011,
Argentina,Juanchi,MARCA A ,Belgrano,Rappi Turbo,1 abr 2025,7230,0.126,911,19506246,0.6125,3.65,0.983,,0.0022,
Argentina,Juanchi,MARCA A ,Belgrano,Rappi Turbo,1 ene 2025,9585,0.094,901,18541960,0.5383,4.25,0.9864,,0,
Argentina,Juanchi,MARCA A ,Recoleta,Rappi,1 ene 2025,6099,0.142,866,26041925,0.6859,4.8,0.9984,,0.0012,
Argentina,Juanchi,MARCA A ,Belgrano,Rappi Turbo,1 dic 2024,6174,0.138,852,18012380,0.4965,4.35,0.9535,,0.0023,
Argentina,Juanchi,MARCA A ,Devoto,Rappi,1 feb 2025,4457,0.173,771,21983430,0.8042,4.65,1,,0,
Argentina,Juanchi,MARCA A ,Urquiza,Rappi Turbo,1 ene 2025,8269,0.093,769,16530955,0.5553,4.3,0.9767,,0,
Argentina,Juanchi,MARCA A ,Belgrano,Rappi Turbo,1 feb 2025,9171,0.082,752,14587015,0.621,4.15,0.9807,,0.0027,
Argentina,Juanchi,MARCA A ,Urquiza,Rappi Turbo,1 nov 2024,6769,0.108,731,15861075,0.5841,4.85,0.9532,,0,
Argentina,Juanchi,MARCA A ,Urquiza,Rappi Turbo,1 mar 2025,7886,0.079,623,13595520,0.5891,4.4,0.974,,0,
Argentina,Juanchi,MARCA A ,Recoleta,Rappi Turbo,1 may 2025,7684,0.076,584,10974233,0.4486,3.7,0.9965,,0,
Argentina,Juanchi,MARCA A ,Devoto,Rappi Turbo,1 may 2025,5677,0.099,562,11405690.5,0.5801,4.55,0.9984,,0,
Argentina,Juanchi,MARCA A ,Devoto,Rappi Turbo,1 abr 2025,5103,0.107,546,11224217,0.6465,4.5,0.9945,,0.0018,
Argentina,Juanchi,MARCA A ,Recoleta,Rappi Turbo,1 jun 2025,10404,0.052,541,11893742,0.5601,4.55,0.9981,,0,
Argentina,Juanchi,MARCA A ,Devoto,Rappi Turbo,1 mar 2025,5455,0.099,540,11002085,0.6389,4.95,0.9914,,0,
Argentina,Juanchi,MARCA A ,Urquiza,Rappi Turbo,1 abr 2025,4455,0.121,539,12259179,0.5955,4.5,0.9764,,0,
Argentina,Juanchi,MARCA A ,Urquiza,Rappi Turbo,1 oct 2024,4157,0.127,528,10243365,0.6193,4.09,0.9847,,0.0019,
Argentina,Juanchi,MARCA A ,Urquiza,Rappi Turbo,1 feb 2025,10540,0.05,527,11434300,0.5294,4.06,0.9943,,0,
Argentina,Juanchi,MARCA A ,Devoto,Rappi Turbo,1 nov 2024,5780,0.091,526,11584315,0.4487,4.55,0.9659,,0.0019,
Argentina,Juanchi,MARCA A ,Devoto,Rappi Turbo,1 jun 2025,5940,0.083,493,12585470,0.6369,4.3,0.9964,,0.002,
Argentina,Juanchi,MARCA A ,Devoto,Rappi Turbo,1 dic 2024,4367,0.109,476,9954650,0.6092,4.24,0.9855,,0.0105,
Argentina,Juanchi,MARCA A ,Recoleta,Rappi Turbo,1 dic 2024,7900,0.06,474,9862445,0.4916,4.55,0.9684,,0.0042,
Argentina,Juanchi,MARCA A ,Belgrano,Rappi Turbo,1 nov 2024,3896,0.115,448,8903700,0.4442,4.67,0.9503,,0,
Argentina,Juanchi,MARCA A ,Devoto,Rappi Turbo,1 feb 2025,5106,0.085,434,8349775,0.6382,4.68,0.9974,,0,
Argentina,Juanchi,MARCA A ,Urquiza,Rappi Turbo,1 ago 2024,4265,0.098,418,7136655,0.6364,4.85,0.9843,,0,
Argentina,Juanchi,MARCA A ,Urquiza,Rappi Turbo,1 jul 2024,2324,0.176,409,6504700,0.6137,4.06,0.9838,,0,
Argentina,Juanchi,MARCA A ,Devoto,Rappi Turbo,1 ene 2025,4916,0.083,408,8466535,0.6201,4.3,0.9958,,0.0025,
Argentina,Juanchi,MARCA A ,Recoleta,Rappi Turbo,1 mar 2025,9302,0.043,400,7849545,0.5325,4.2,0.997,,0,
Argentina,Juanchi,MARCA A ,Devoto,Rappi Turbo,1 oct 2024,2432,0.146,355,6515270,0.4451,4.7,0.975,,0,
Argentina,Juanchi,MARCA A ,Recoleta,Rappi Turbo,1 nov 2024,6451,0.051,329,6673700,0.4012,3.76,0.9702,,0,
Argentina,Juanchi,MARCA A ,Recoleta,Rappi Turbo,1 ene 2025,6750,0.044,297,6449845,0.4781,4.53,0.9959,,0,
Argentina,Juanchi,MARCA A ,Recoleta,Rappi Turbo,1 abr 2025,3313,0.08,265,5484108,0.5774,4.43,1,,0,
Argentina,Juanchi,MARCA A ,Urquiza,Rappi Turbo,1 sept 2024,1880,0.133,250,4510995,0.664,4.38,0.9687,,0,
Argentina,Juanchi,MARCA A ,Belgrano,Rappi Turbo,1 oct 2024,2067,0.12,248,4523780,0.4758,4.43,0.9869,,0,
Argentina,Juanchi,MARCA A ,Recoleta,Rappi Turbo,1 oct 2024,3000,0.079,237,4522875,0.4557,4.1,0.9838,,0,
Argentina,Juanchi,MARCA A ,Recoleta,Rappi Turbo,1 feb 2025,4681,0.047,220,4635735,0.6,5,0.9915,,0,
Argentina,Juanchi,MARCA A ,Belgrano,Rappi Turbo,1 jul 2024,2126,0.095,202,3128700,0.505,3.14,0.9746,,0,
Argentina,Juanchi,MARCA A ,Belgrano,Rappi Turbo,1 ago 2024,4196,0.046,193,2959505,0.5596,4,0.9518,,0.0052,
Argentina,Juanchi,MARCA A ,Recoleta,Rappi Turbo,1 ago 2024,4047,0.043,174,2788595,0.4253,4.6,0.9849,,0,
Argentina,Juanchi,MARCA A ,Devoto,Rappi Turbo,1 sept 2024,1663,0.089,148,2818535,0.6216,4.7,0.9804,,0,
Argentina,Juanchi,MARCA A ,Devoto,Rappi Turbo,1 ago 2024,1808,0.073,132,2327760,0.4848,4.4,0.9792,,0,
Argentina,Juanchi,MARCA A ,Belgrano,Rappi Turbo,1 sept 2024,1955,0.067,131,2061940,0.5802,4.33,0.9885,,0.0076,
Argentina,Juanchi,MARCA A ,Devoto,Rappi Turbo,1 jul 2024,796,0.137,109,1845400,0.5138,4.63,0.9918,,0.0092,
Argentina,Juanchi,MARCA A ,Recoleta,Rappi Turbo,1 sept 2024,956,0.09,86,1829000,0.5465,5,0.988,,0,
Argentina,Juanchi,MARCA A ,Recoleta,Rappi Turbo,1 jul 2024,1207,0.058,70,996900,0.4571,4.5,0.9021,,0,
Argentina,Juanchi,MARCA B,Urquiza,Pedidos Ya,1 jul 2024,7132,0.189,1348,24615344.5,,4.7,0.9914,0.189,0.0007,27
Argentina,Juanchi,MARCA B,Urquiza,Pedidos Ya,1 sept 2024,7522,0.1558,1172,24751759.6,,4.7,0.9962,0.1558,0.0017,24
Argentina,Juanchi,MARCA B,Urquiza,Pedidos Ya,1 ago 2024,6397.268071,0.1757,1124,22537072.2,,4.7,0.9865,0.189,0.0018,26
Argentina,Juanchi,MARCA B,Urquiza,Pedidos Ya,1 nov 2024,6934,0.1611,1117,23340917.5,,4.5,0.9913,0.1611,0.0018,21
Argentina,Juanchi,MARCA B,Urquiza,Pedidos Ya,1 may 2025,9314,0.1196,1114,29825864,,4.5,0.9789,0.1196,0.0018,17
Argentina,Juanchi,MARCA B,Belgrano,Pedidos Ya,1 may 2025,8345,0.1311,1094,27809617,,4.5,0.9768,0.1311,0.0036,15
Argentina,Juanchi,MARCA B,Belgrano,Pedidos Ya,1 nov 2024,6293,0.1667,1049,21398813,,4.6,0.9954,0.1667,0.0009,17
Argentina,Juanchi,MARCA B,Belgrano,Rappi,1 jul 2024,5629,0.186,1047,18128600,0.6695,4.2,0.9876,,0,
Argentina,Juanchi,MARCA B,Belgrano,Pedidos Ya,1 dic 2024,1069,0.9524,1018,21600936.25,,4.7,0.9726,0.9524,0.0039,16
Argentina,Juanchi,MARCA B,Devoto,Pedidos Ya,1 may 2025,8160,0.1201,980,23961690.5,,4.7,0.9745,0.1201,0.003,14
Argentina,Juanchi,MARCA B,Urquiza,Pedidos Ya,1 oct 2024,7147,0.136,972,21070714,,4.6,0.9937,0.136,0,22
Argentina,Juanchi,MARCA B,Belgrano,Pedidos Ya,1 abr 2025,6168,0.1571,969,23707573.5,,4.6,0.987,0.1571,0.0041,15
Argentina,Juanchi,MARCA B,Urquiza,Rappi,1 jul 2024,5089,0.19,967,19479015,0.6887,4.35,0.9959,,0,
Argentina,Juanchi,MARCA B,Urquiza,Rappi,1 ago 2024,6653,0.144,958,18560095,0.6858,4.5,0.985,,0,
Argentina,Juanchi,MARCA B,Urquiza,Pedidos Ya,1 abr 2025,6614,0.1447,957,23336324.25,,4.5,0.9826,0.1447,0.001,17
Argentina,Juanchi,MARCA B,Belgrano,Pedidos Ya,1 jun 2025,7279,0.1268,923,26755190.45,,4.5,0.9796,0.1268,0.0043,15
Argentina,Juanchi,MARCA B,Devoto,Pedidos Ya,1 jul 2024,5709,0.1587,906,15956087,,4.5,0.9751,0.1587,0.0011,17
Argentina,Juanchi,MARCA B,Urquiza,Pedidos Ya,1 jun 2025,7475,0.1212,906,26477707.5,,4.4,0.9714,0.1212,0.0033,16
Argentina,Juanchi,MARCA B,Urquiza,Pedidos Ya,1 dic 2024,978,0.9191,899,19872918.75,,4.6,0.9983,0.9191,0.0022,20
Argentina,Juanchi,MARCA B,Recoleta,Pedidos Ya,1 ago 2024,6022.253129,0.1438,866,14683074.1,,4.6,0.9936,0.1207,0.0023,11
Argentina,Juanchi,MARCA B,Urquiza,Rappi,1 sept 2024,5850,0.147,860,15179655,0.7151,4.25,0.9903,,0.0012,
Argentina,Juanchi,MARCA B,Urquiza,Pedidos Ya,1 mar 2025,6783,0.1265,858,22178228,,4.6,0.981,0.1265,0.0012,17
Argentina,Juanchi,MARCA B,Devoto,Pedidos Ya,1 abr 2025,6185,0.1384,856,19013675.5,,4.6,0.9744,0.1384,0,14
Argentina,Juanchi,MARCA B,Belgrano,Pedidos Ya,1 sept 2024,5775,0.1458,842,16332414,,4.5,0.9853,0.1458,0.0035,20
Argentina,Juanchi,MARCA B,Belgrano,Pedidos Ya,1 oct 2024,5596,0.1476,826,15662010,,4.6,0.9961,0.1476,0.0036,17
Argentina,Juanchi,MARCA B,Recoleta,Pedidos Ya,1 may 2025,8890,0.091,809,19335996.5,,4.5,0.981,0.091,0.0024,10
Argentina,Juanchi,MARCA B,Recoleta,Pedidos Ya,1 oct 2024,6985,0.1151,804,15630459.5,,4.5,0.9982,0.1151,0,10
Argentina,Juanchi,MARCA B,Belgrano,Pedidos Ya,1 jul 2024,5025,0.158,794,14125617.5,,4.5,0.9655,0.158,0,22
Argentina,Juanchi,MARCA B,Recoleta,Pedidos Ya,1 abr 2025,6851,0.1121,768,16755461.95,,4.5,0.988,0.1121,0.0038,10
Argentina,Juanchi,MARCA B,Recoleta,Pedidos Ya,1 nov 2024,5939,0.1288,765,14686685.5,,4.5,0.9971,0.1288,0.0026,11
Argentina,Juanchi,MARCA B,Recoleta,Pedidos Ya,1 sept 2024,6530,0.117,764,14276308.5,,4.6,0.9982,0.117,0,11
Argentina,Juanchi,MARCA B,Devoto,Pedidos Ya,1 ago 2024,5229.609321,0.1459,763,15091227.6,,4.5,0.9753,0.1587,0.0013,16
Argentina,Juanchi,MARCA B,Recoleta,Rappi,1 jul 2024,5634,0.134,755,12588530,0.5669,4.8,0.9497,,0.0013,
Argentina,Juanchi,MARCA B,Devoto,Pedidos Ya,1 nov 2024,6050,0.1243,752,15424662.5,,4.5,0.9896,0.1243,0.0026,12
Argentina,Juanchi,MARCA B,Belgrano,Pedidos Ya,1 mar 2025,5272,0.1417,747,17139851,,4.6,0.9901,0.1417,0.0104,14
Argentina,Juanchi,MARCA B,Recoleta,Pedidos Ya,1 jun 2025,7965,0.0914,728,19604919.75,,4.6,0.9809,0.0914,0,11
Argentina,Juanchi,MARCA B,Devoto,Pedidos Ya,1 sept 2024,5842,0.1241,725,13858986,,4.5,0.9938,0.1241,0.0027,14
Argentina,Juanchi,MARCA B,Devoto,Pedidos Ya,1 oct 2024,6345,0.1141,724,13943050.5,,4.5,0.9988,0.1141,0,12
Argentina,Juanchi,MARCA B,Belgrano,Rappi,1 ago 2024,6025,0.12,723,14591015,0.6833,4.05,0.9931,,0.0014,
Argentina,Juanchi,MARCA B,Devoto,Rappi,1 jul 2024,4494,0.16,719,13205955,0.6704,3.75,0.9983,,0.0028,
Argentina,Juanchi,MARCA B,Recoleta,Pedidos Ya,1 jul 2024,5957,0.1207,719,11451130,,4.6,0.9925,0.1207,0.0014,13
Argentina,Juanchi,MARCA B,Belgrano,Rappi,1 sept 2024,5659,0.126,713,15007010,0.6942,4.35,0.9938,,0,
Argentina,Juanchi,MARCA B,Devoto,Pedidos Ya,1 jun 2025,6444,0.1063,685,21667074.5,,4.6,0.9643,0.1063,0.0014,15
Argentina,Juanchi,MARCA B,Belgrano,Pedidos Ya,1 ago 2024,4409.857328,0.1542,680,13063213.8,,4.5,0.9904,0.158,0,21
Argentina,Juanchi,MARCA B,Devoto,Pedidos Ya,1 dic 2024,709,0.9596,680,15104177.5,,4.5,0.9971,0.9596,0.0072,12
Argentina,Juanchi,MARCA B,Belgrano,Rappi,1 mar 2025,5411,0.124,671,15570465,0.5887,4.15,0.9998,,0.0015,
Argentina,Juanchi,MARCA B,Belgrano,Rappi,1 nov 2024,5973,0.111,663,15995185,0.6244,4.5,0.9968,,0,
Argentina,Juanchi,MARCA B,Urquiza,Pedidos Ya,1 ene 2025,776,0.8532,662,15469152,,4.6,0.9966,0.8532,0.0015,18
Argentina,Juanchi,MARCA B,Urquiza,Pedidos Ya,1 feb 2025,5507,0.1202,662,16456186,,4.5,0.984,0.1202,0.0015,17
Argentina,Juanchi,MARCA B,Recoleta,Pedidos Ya,1 mar 2025,6322,0.1044,660,14047039,,4.5,0.9927,0.1044,0,10
Argentina,Juanchi,MARCA B,Belgrano,Rappi,1 oct 2024,6248,0.105,656,14567925,0.7485,4.5,0.9978,,0.0015,
Argentina,Juanchi,MARCA B,Urquiza,Rappi,1 nov 2024,4879,0.132,644,14961247,0.6708,4.15,0.9871,,0.0016,
Argentina,Juanchi,MARCA B,Recoleta,Pedidos Ya,1 dic 2024,658,0.9625,633,12897113.75,,4.5,0.9953,0.9625,0.0031,10
Argentina,Juanchi,MARCA B,Devoto,Pedidos Ya,1 mar 2025,5408,0.1165,630,14778047,,4.6,0.9781,0.1165,0.0031,13
Argentina,Juanchi,MARCA B,Devoto,Rappi,1 ago 2024,4992,0.122,609,12587690,0.7274,4.25,0.9853,,0,
Argentina,Juanchi,MARCA B,Recoleta,Rappi,1 ago 2024,8233,0.073,601,12503610,0.6356,4.2,0.9969,,0,
Argentina,Juanchi,MARCA B,Urquiza,Rappi,1 oct 2024,4656,0.128,596,12820520,0.7148,4.15,0.9929,,0,
Argentina,Juanchi,MARCA B,Belgrano,Pedidos Ya,1 feb 2025,4743,0.1225,581,13421734,,4.6,0.9914,0.1225,0.0051,15
Argentina,Juanchi,MARCA B,Urquiza,Rappi,1 dic 2024,4184,0.136,569,12999110,0.6661,3.8,0.9979,,0.0035,
Argentina,Juanchi,MARCA B,Belgrano,Rappi,1 abr 2025,4991,0.114,569,13923117,0.5747,4.05,0.9982,,0,
Argentina,Juanchi,MARCA B,Devoto,Rappi,1 sept 2024,5895,0.095,560,11584830,0.7429,4.65,0.9963,,0,
Argentina,Juanchi,MARCA B,Belgrano,Pedidos Ya,1 ene 2025,613,0.9122,559,12867718,,4.6,0.9945,0.9122,0,15
Argentina,Juanchi,MARCA B,Belgrano,Rappi,1 feb 2025,4528,0.123,557,12817730,0.6338,3.9,0.9998,,0.0018,
Argentina,Juanchi,MARCA B,Recoleta,Pedidos Ya,1 feb 2025,5127,0.1065,546,12391520.5,,4.5,0.9818,0.1065,0.0018,11
Argentina,Juanchi,MARCA B,Belgrano,Rappi,1 dic 2024,4382,0.123,539,13513200,0.6178,4.55,0.981,,0,
Argentina,Juanchi,MARCA B,Recoleta,Rappi,1 sept 2024,6439,0.082,528,10553195,0.661,4.15,0.9998,,0,
Argentina,Juanchi,MARCA B,Urquiza,Rappi,1 mar 2025,3801,0.136,517,11581735,0.7021,4.45,0.9861,,0.0019,
Argentina,Juanchi,MARCA B,Devoto,Rappi,1 oct 2024,3806,0.134,510,10976065,0.7725,4.25,1,,0,
Argentina,Juanchi,MARCA B,Devoto,Pedidos Ya,1 feb 2025,4839,0.1054,510,12056688.5,,4.6,0.9853,0.1054,0.0019,13
Argentina,Juanchi,MARCA B,Belgrano,Rappi,1 may 2025,5895,0.086,507,15338901,0.6272,4.5,0.9975,,0.0059,
Argentina,Juanchi,MARCA B,Devoto,Rappi,1 mar 2025,4395,0.114,501,11404585,0.6687,4.55,0.9919,,0.002,
Argentina,Juanchi,MARCA B,Devoto,Pedidos Ya,1 ene 2025,532,0.9204,490,11318624.5,,4.5,0.9891,0.9204,0.002,12
Argentina,Juanchi,MARCA B,Recoleta,Rappi,1 mar 2025,6263,0.076,476,10770595,0.5525,4.75,0.9977,,0.0021,
Argentina,Juanchi,MARCA B,Urquiza,Rappi,1 abr 2025,3291,0.141,464,13136356,0.7306,4.35,0.9963,,0,
Argentina,Juanchi,MARCA B,Belgrano,Rappi,1 ene 2025,4346,0.104,452,11264505,0.5088,4.47,0.9962,,0,
Argentina,Juanchi,MARCA B,Devoto,Rappi,1 abr 2025,4252,0.103,438,11210766,0.7055,4.35,0.9993,,0.0023,
Argentina,Juanchi,MARCA B,Urquiza,Rappi,1 feb 2025,3391,0.128,434,9453830,0.6866,4.6,1,,0.0023,
Argentina,Juanchi,MARCA B,Recoleta,Rappi,1 oct 2024,5697,0.076,433,9104000,0.6559,4.1,1,,0.0023,
Argentina,Juanchi,MARCA B,Urquiza,Rappi,1 may 2025,4105,0.105,431,12121568,0.6984,4.4,0.9966,,0.0023,
Argentina,Juanchi,MARCA B,Recoleta,Rappi,1 feb 2025,4538,0.091,413,9040520,0.5617,4.55,0.9923,,0,
Argentina,Juanchi,MARCA B,Devoto,Rappi,1 nov 2024,4162,0.099,412,10189090,0.6917,4.45,0.9906,,0,
Argentina,Juanchi,MARCA B,Devoto,Rappi,1 may 2025,4206,0.097,408,11471951,0.7206,4.5,1,,0.0049,
Argentina,Juanchi,MARCA B,Recoleta,Rappi,1 abr 2025,5130,0.077,395,9833433,0.6025,4.4,1,,0,
Argentina,Juanchi,MARCA B,Devoto,Rappi,1 feb 2025,3757,0.103,387,9130315,0.6848,4.25,1,,0.0026,
Argentina,Juanchi,MARCA B,Recoleta,Rappi,1 may 2025,5984,0.064,383,11047855,0.5901,4,0.9933,,0.0026,
Argentina,Juanchi,MARCA B,Recoleta,Pedidos Ya,1 ene 2025,410,0.9333,383,8703670,,4.5,0.9894,0.9333,0,12
Argentina,Juanchi,MARCA B,Devoto,Rappi,1 dic 2024,3544,0.103,365,9189390,0.6904,4.19,0.9981,,0,
Argentina,Juanchi,MARCA B,Urquiza,Rappi,1 ene 2025,3103,0.117,363,9607695,0.6804,4,0.993,,0,
Argentina,Juanchi,MARCA B,Belgrano,Rappi Turbo,1 jun 2025,5931,0.058,344,9683245,0.3081,4,0.9909,,0,
Argentina,Juanchi,MARCA B,Recoleta,Rappi,1 nov 2024,4971,0.068,338,8294675,0.6243,4.37,0.9998,,0,
Argentina,Juanchi,MARCA B,Devoto,Rappi,1 ene 2025,3443,0.097,334,8393285,0.6437,4.32,0.9991,,0,
Argentina,Juanchi,MARCA B,Recoleta,Rappi,1 dic 2024,4113,0.08,329,8175820,0.5562,3.8,0.9969,,0,
Argentina,Juanchi,MARCA B,Belgrano,Rappi,1 jun 2025,2752,0.101,278,8743850,0.6619,4.39,0.9956,,0,
Argentina,Juanchi,MARCA B,Recoleta,Rappi,1 ene 2025,4109,0.064,263,6291500,0.5856,4.33,0.996,,0,
Argentina,Juanchi,MARCA B,Belgrano,Rappi Turbo,1 may 2025,4207,0.058,244,6379558,0.2951,3.75,0.9772,,0.0082,
Argentina,Juanchi,MARCA B,Urquiza,Rappi,1 jun 2025,3738,0.065,243,7569373,0.6955,4.8,1,,0,
Argentina,Juanchi,MARCA B,Recoleta,Rappi,1 jun 2025,4404,0.047,207,6153549,0.6232,4.75,1,,0.0048,
Argentina,Juanchi,MARCA B,Devoto,Rappi,1 jun 2025,2628,0.078,205,6506769,0.7366,4.7,0.9981,,0,
Argentina,Juanchi,MARCA B,Belgrano,Rappi Turbo,1 abr 2025,1676,0.111,186,4438310,0.3441,4.5,0.9985,,0,
Argentina,Juanchi,MARCA B,Recoleta,Rappi Turbo,1 may 2025,3854,0.048,185,4477306,0.3189,4.5,0.9926,,0,
Argentina,Juanchi,MARCA B,Recoleta,Rappi Turbo,1 abr 2025,2883,0.06,173,4103995,0.3353,4.22,1,,0,
Argentina,Juanchi,MARCA B,Urquiza,Rappi Turbo,1 jun 2025,2491,0.053,132,3552150,0.3712,4.36,0.9853,,0,
Argentina,Juanchi,MARCA B,Urquiza,Rappi Turbo,1 may 2025,1397,0.078,109,2877622,0.4128,4.43,0.9958,,0.0183,
Argentina,Juanchi,MARCA B,Devoto,Rappi Turbo,1 jun 2025,2326,0.043,100,2912464,0.32,5,0.9974,,0,
Argentina,Juanchi,MARCA B,Devoto,Rappi Turbo,1 may 2025,3708,0.024,89,2261026,0.3146,4.17,0.9974,,0,
Argentina,Juanchi,MARCA B,Devoto,Rappi Turbo,1 abr 2025,1554,0.056,87,2097010,0.2989,5,1,,0,
Argentina,Juanchi,MARCA B,Urquiza,Rappi Turbo,1 abr 2025,791,0.11,87,1956230,0.4023,5,0.9933,,0,
Argentina,Juanchi,MARCA B,Recoleta,Rappi Turbo,1 jun 2025,2297,0.037,85,2111183,0.2588,3.78,1,,0,
Argentina,Juanchi,MARCA C,Urquiza,Pedidos Ya,1 jul 2024,7074,0.188,1330,21119692.5,,4.6,0.9924,0.188,0.0015,25
Argentina,Juanchi,MARCA C,Urquiza,Rappi,1 jul 2024,6283,0.191,1200,22215875,0.6725,4.4,0.9863,,0.0025,
Argentina,Juanchi,MARCA C,Recoleta,Pedidos Ya,1 ago 2024,9511,0.1185,1127,16888602,,4.6,0.9931,0.1304,0.0009,11
Argentina,Juanchi,MARCA C,Urquiza,Rappi,1 ago 2024,6762,0.164,1109,21749400,0.6979,4.35,0.985,,0.0009,
Argentina,Juanchi,MARCA C,Recoleta,Pedidos Ya,1 jul 2024,8290,0.1304,1081,14924474.5,,4.6,0.9889,0.1304,0,13
Argentina,Juanchi,MARCA C,Urquiza,Rappi,1 sept 2024,7559,0.127,960,19093030,0.6958,4.75,0.9908,,0.001,
Argentina,Juanchi,MARCA C,Urquiza,Rappi,1 oct 2024,5541,0.172,953,16119470,0.7429,4.95,0.9929,,0,
Argentina,Juanchi,MARCA C,Urquiza,Pedidos Ya,1 ago 2024,5103,0.185,944,15517429,,4.6,0.9859,0.188,0.0021,23
Argentina,Juanchi,MARCA C,Belgrano,Pedidos Ya,1 jul 2024,6627,0.1337,886,13778926,,4.7,0.9652,0.1337,0.0011,23
Argentina,Juanchi,MARCA C,Urquiza,Rappi,1 abr 2025,6913,0.126,871,17489403,0.7348,4.35,0.9963,,0,
Argentina,Juanchi,MARCA C,Recoleta,Pedidos Ya,1 sept 2024,8011,0.1066,854,13813047,,4.6,0.9983,0.1066,0.0012,10
Argentina,Juanchi,MARCA C,Belgrano,Rappi,1 ago 2024,5490,0.143,785,14775485,0.6803,4.25,0.9922,,0,
Argentina,Juanchi,MARCA C,Belgrano,Pedidos Ya,1 ago 2024,6141,0.1275,783,13079323,,4.7,0.9897,0.1337,0.0062,22
Argentina,Juanchi,MARCA C,Recoleta,Pedidos Ya,1 oct 2024,7263,0.1067,775,13781819,,4.5,0.9986,0.1067,0.0025,10
Argentina,Juanchi,MARCA C,Belgrano,Rappi,1 sept 2024,7083,0.109,772,15781970,0.6036,4.45,0.994,,0,
Argentina,Juanchi,MARCA C,Urquiza,Pedidos Ya,1 oct 2024,5421,0.1413,766,14145558,,4.6,0.9942,0.1413,0,20
Argentina,Juanchi,MARCA C,Urquiza,Pedidos Ya,1 sept 2024,5149,0.1478,761,13508685,,4.6,0.9985,0.1478,0,21
Argentina,Juanchi,MARCA C,Belgrano,Pedidos Ya,1 oct 2024,6003,0.1261,757,14202323.5,,4.6,0.9941,0.1261,0.0065,18
Argentina,Juanchi,MARCA C,Belgrano,Pedidos Ya,1 may 2025,5919,0.1235,731,13878560,,4.6,0.9742,0.1235,0.0066,13
Argentina,Juanchi,MARCA C,Belgrano,Pedidos Ya,1 sept 2024,5572,0.1285,716,12552218,,4.7,0.9864,0.1285,0.0055,21
Argentina,Juanchi,MARCA C,Recoleta,Pedidos Ya,1 abr 2025,6022,0.1164,701,11209027.1,,4.6,0.992,0.1164,0,9
Argentina,Juanchi,MARCA C,Belgrano,Rappi,1 jul 2024,4698,0.149,700,13002890,0.6371,4.15,0.9877,,0.0014,
Argentina,Juanchi,MARCA C,Recoleta,Pedidos Ya,1 nov 2024,7066,0.0961,679,11990461,,4.4,0.9969,0.0961,0.0015,10
Argentina,Juanchi,MARCA C,Belgrano,Rappi,1 oct 2024,4849,0.139,674,11764775,0.7433,4.35,0.9978,,0,
Argentina,Juanchi,MARCA C,Devoto,Pedidos Ya,1 ago 2024,5106,0.1318,673,10197060.5,,4.5,0.9794,0.1212,0,15
Argentina,Juanchi,MARCA C,Belgrano,Pedidos Ya,1 abr 2025,5110,0.1313,671,12288613.5,,4.6,0.9874,0.1313,0,13
Argentina,Juanchi,MARCA C,Urquiza,Rappi,1 may 2025,5203,0.128,666,16248734,0.7102,4.2,0.9962,,0,
Argentina,Juanchi,MARCA C,Recoleta,Pedidos Ya,1 may 2025,6958,0.095,661,11222248.5,,4.5,0.9843,0.095,0.0015,9
Argentina,Juanchi,MARCA C,Belgrano,Rappi,1 abr 2025,5615,0.117,657,12806750,0.6804,3.8,0.997,,0,
Argentina,Juanchi,MARCA C,Belgrano,Pedidos Ya,1 nov 2024,6031,0.1086,655,12702585,,4.6,0.997,0.1086,0,17
Argentina,Juanchi,MARCA C,Devoto,Pedidos Ya,1 may 2025,6183,0.104,643,11621084.5,,4.6,0.9863,0.104,0.0031,13
Argentina,Juanchi,MARCA C,Urquiza,Pedidos Ya,1 nov 2024,4125,0.1542,636,12207933.5,,4.6,0.9927,0.1542,0.0046,19
Argentina,Juanchi,MARCA C,Devoto,Pedidos Ya,1 oct 2024,6033,0.1036,625,11237252,,4.5,0.9994,0.1036,0.0016,15
Argentina,Juanchi,MARCA C,Recoleta,Pedidos Ya,1 feb 2025,6100,0.1023,624,12302647.75,,4.6,0.9869,0.1023,0.0063,10
Argentina,Juanchi,MARCA C,Belgrano,Pedidos Ya,1 ene 2025,732,0.8346,611,11902090.5,,4.5,0.9925,0.8346,0.0016,15
Argentina,Juanchi,MARCA C,Urquiza,Rappi,1 jun 2025,6862,0.087,597,15090157,0.7504,3.6,1,,0.0034,
Argentina,Juanchi,MARCA C,Devoto,Pedidos Ya,1 jul 2024,4917,0.1212,596,8870430.5,,4.5,0.9841,0.1212,0.0033,15
Argentina,Juanchi,MARCA C,Recoleta,Rappi,1 ago 2024,5239,0.113,592,10912470,0.6571,4.3,0.9969,,0,
Argentina,Juanchi,MARCA C,Urquiza,Rappi,1 dic 2024,5575,0.106,591,13030820,0.753,4.6,0.9979,,0,
Argentina,Juanchi,MARCA C,Urquiza,Rappi,1 mar 2025,6082,0.097,590,14034761,0.7119,4.61,0.9873,,0.0017,
Argentina,Juanchi,MARCA C,Devoto,Pedidos Ya,1 sept 2024,5505,0.107,589,9739645,,4.4,0.9956,0.107,0.0017,17
Argentina,Juanchi,MARCA C,Devoto,Pedidos Ya,1 abr 2025,4709,0.1221,575,9805371.9,,4.7,0.9928,0.1221,0.0017,13
Argentina,Juanchi,MARCA C,Recoleta,Pedidos Ya,1 dic 2024,629,0.9125,574,10795625.75,,4.5,0.9922,0.9125,0.0051,10
Argentina,Juanchi,MARCA C,Recoleta,Rappi,1 jul 2024,4480,0.127,569,9734180,0.6063,4.25,0.9499,,0,
Argentina,Juanchi,MARCA C,Belgrano,Pedidos Ya,1 feb 2025,5547,0.1015,563,11172312,,4.7,0.9953,0.1015,0.0018,14
Argentina,Juanchi,MARCA C,Devoto,Pedidos Ya,1 jun 2025,5708,0.0967,552,11357907.25,,4.5,0.9751,0.0967,0,13
Argentina,Juanchi,MARCA C,Urquiza,Rappi,1 feb 2025,4613,0.119,549,11612770,0.7486,4.75,1,,0,
Argentina,Juanchi,MARCA C,Recoleta,Pedidos Ya,1 jun 2025,5846,0.0922,539,11616647.9,,4.5,0.9818,0.0922,0.0018,11
Argentina,Juanchi,MARCA C,Devoto,Pedidos Ya,1 ene 2025,649,0.8245,535,10924785.75,,4.5,0.9929,0.8245,0.0037,13
Argentina,Juanchi,MARCA C,Devoto,Pedidos Ya,1 nov 2024,6132,0.0866,531,10198989.5,,4.5,0.9912,0.0866,0,15
Argentina,Juanchi,MARCA C,Belgrano,Rappi,1 may 2025,5696,0.092,524,11867061,0.6851,4.15,0.9973,,0,
Argentina,Juanchi,MARCA C,Recoleta,Pedidos Ya,1 ene 2025,588,0.8686,511,8911161,,4.4,0.9918,0.8686,0.0058,11
Argentina,Juanchi,MARCA C,Recoleta,Rappi,1 abr 2025,4893,0.103,504,10099705,0.7044,4.6,1,,0,
Argentina,Juanchi,MARCA C,Urquiza,Rappi,1 nov 2024,3276,0.152,498,11478995,0.8072,4.33,0.9871,,0,
Argentina,Juanchi,MARCA C,Urquiza,Pedidos Ya,1 jun 2025,5077,0.0969,492,10862868.05,,4.5,0.9784,0.0969,0,14
Argentina,Juanchi,MARCA C,Recoleta,Rappi,1 oct 2024,4405,0.111,489,8499520,0.6912,4.3,1,,0,
Argentina,Juanchi,MARCA C,Belgrano,Rappi,1 dic 2024,4067,0.119,484,10623360,0.7645,4.35,0.9808,,0,
Argentina,Juanchi,MARCA C,Urquiza,Pedidos Ya,1 may 2025,4559,0.1042,475,8756851.5,,4.5,0.9913,0.1042,0.0042,14
Argentina,Juanchi,MARCA C,Devoto,Pedidos Ya,1 feb 2025,5297,0.0891,472,9336453.5,,4.6,0.9931,0.0891,0.0042,13
Argentina,Juanchi,MARCA C,Belgrano,Rappi,1 jun 2025,5541,0.085,471,11643647,0.7006,4.25,0.9947,,0.0021,
Argentina,Juanchi,MARCA C,Belgrano,Pedidos Ya,1 jun 2025,4612,0.1004,463,10369657,,4.5,0.9854,0.1004,0,13
Argentina,Juanchi,MARCA C,Urquiza,Pedidos Ya,1 ene 2025,560,0.823,461,9653181.75,,4.7,0.9955,0.823,0.0043,16
Argentina,Juanchi,MARCA C,Urquiza,Pedidos Ya,1 dic 2024,518,0.888,460,9270160.25,,4.6,0.9968,0.888,0.0022,17
Argentina,Juanchi,MARCA C,Urquiza,Pedidos Ya,1 feb 2025,3797,0.1209,459,9663101.25,,4.5,0.9988,0.1209,0.0043,15
Argentina,Juanchi,MARCA C,Belgrano,Pedidos Ya,1 mar 2025,4978,0.091,453,10337267,,4.6,0.9945,0.091,0.0085,13
Argentina,Juanchi,MARCA C,Recoleta,Pedidos Ya,1 mar 2025,5349,0.0845,452,9317568.75,,4.6,0.9955,0.0845,0.0128,10
Argentina,Juanchi,MARCA C,Urquiza,Pedidos Ya,1 abr 2025,3309,0.1366,452,8800428.3,,4.5,0.9885,0.1366,0.0065,14
Argentina,Juanchi,MARCA C,Urquiza,Rappi,1 ene 2025,4891,0.092,450,10604440,0.7067,4.15,0.9929,,0.0022,
Argentina,Juanchi,MARCA C,Belgrano,Pedidos Ya,1 dic 2024,485,0.9133,443,8697253.75,,4.5,0.9754,0.9133,0.0022,16
Argentina,Juanchi,MARCA C,Devoto,Pedidos Ya,1 dic 2024,483,0.9031,436,8533152.25,,4.6,0.9976,0.9031,0.0023,14
Argentina,Juanchi,MARCA C,Devoto,Rappi,1 abr 2025,3850,0.107,412,8172425,0.7087,4.59,0.9993,,0,
Argentina,Juanchi,MARCA C,Devoto,Rappi,1 oct 2024,3513,0.115,404,6734475,0.7252,4.44,1,,0,
Argentina,Juanchi,MARCA C,Belgrano,Rappi,1 mar 2025,3664,0.11,403,10181306,0.6923,4.41,0.9998,,0,
Argentina,Juanchi,MARCA C,Belgrano,Rappi,1 nov 2024,2714,0.147,399,9366955,0.8095,4.25,0.9952,,0.0025,
Argentina,Juanchi,MARCA C,Devoto,Rappi,1 ago 2024,3743,0.105,393,7487075,0.6921,4.25,0.9871,,0.0025,
Argentina,Juanchi,MARCA C,Belgrano,Rappi,1 feb 2025,3679,0.106,390,9255395,0.6872,4.5,1,,0.0026,
Argentina,Juanchi,MARCA C,Urquiza,Pedidos Ya,1 mar 2025,3811,0.1018,388,9011258.5,,4.6,0.9833,0.1018,0.0075,14
Argentina,Juanchi,MARCA C,Devoto,Rappi,1 jul 2024,3354,0.113,379,6747640,0.6332,4.45,0.9983,,0,
Argentina,Juanchi,MARCA C,Recoleta,Rappi,1 sept 2024,3287,0.115,378,7950000,0.6614,4.7,0.9909,,0,
Argentina,Juanchi,MARCA C,Recoleta,Rappi,1 may 2025,4821,0.078,376,8523984,0.6809,4.35,0.9938,,0.0027,
Argentina,Juanchi,MARCA C,Belgrano,Rappi,1 ene 2025,3413,0.109,372,8077680,0.6909,4,0.9961,,0.0027,
Argentina,Juanchi,MARCA C,Recoleta,Rappi,1 jun 2025,6607,0.056,370,9091525,0.7108,4.28,0.9998,,0,
Argentina,Juanchi,MARCA C,Recoleta,Rappi,1 mar 2025,3650,0.1,365,8906173,0.6603,4.45,0.9942,,0,
Argentina,Juanchi,MARCA C,Recoleta,Rappi,1 dic 2024,4360,0.075,327,7158785,0.6911,4,0.9837,,0,
Argentina,Juanchi,MARCA C,Devoto,Pedidos Ya,1 mar 2025,3558,0.0905,322,6551345.5,,4.6,0.9869,0.0905,0.012,12
Argentina,Juanchi,MARCA C,Devoto,Rappi,1 sept 2024,2524,0.124,313,6431620,0.7572,4.25,0.9965,,0,
Argentina,Juanchi,MARCA C,Devoto,Rappi,1 jun 2025,5439,0.057,310,8006575,0.7065,4.35,0.9984,,0.0032,
Argentina,Juanchi,MARCA C,Devoto,Rappi,1 may 2025,3646,0.082,299,6548215,0.689,4.25,0.9998,,0,
Argentina,Juanchi,MARCA C,Devoto,Rappi,1 dic 2024,3062,0.097,297,6460635,0.7104,4.07,0.9981,,0,
Argentina,Juanchi,MARCA C,Recoleta,Rappi,1 feb 2025,3114,0.088,274,6039910,0.708,4.75,0.9923,,0,
Argentina,Juanchi,MARCA C,Devoto,Rappi,1 ene 2025,3453,0.075,259,5652975,0.695,3.82,0.9989,,0,
Argentina,Juanchi,MARCA C,Recoleta,Rappi,1 nov 2024,2782,0.087,242,5946715,0.7479,3.25,0.9998,,0.0041,
Argentina,Juanchi,MARCA C,Recoleta,Rappi,1 ene 2025,3013,0.078,235,5827740,0.7319,3.08,0.9988,,0.0043,
Argentina,Juanchi,MARCA C,Devoto,Rappi,1 mar 2025,2568,0.088,226,5507838,0.6903,4.57,0.9917,,0.0044,
Argentina,Juanchi,MARCA C,Belgrano,Rappi Turbo,1 jun 2025,3508,0.059,207,4237600,0.2609,4.25,0.9914,,0.0048,
Argentina,Juanchi,MARCA C,Devoto,Rappi,1 feb 2025,2174,0.092,200,4083050,0.755,4.72,1,,0,
Argentina,Juanchi,MARCA C,Devoto,Rappi,1 nov 2024,1970,0.101,199,4406225,0.8291,4.5,0.9903,,0,
Argentina,Juanchi,MARCA C,Belgrano,Rappi Turbo,1 may 2025,2894,0.047,136,2952861,0.2647,3.71,0.9964,,0,
Argentina,Juanchi,MARCA C,Belgrano,Rappi Turbo,1 abr 2025,1694,0.072,122,2612085,0.1885,2.83,0.9993,,0,
Argentina,Juanchi,MARCA C,Urquiza,Rappi Turbo,1 may 2025,1921,0.063,121,2604462,0.3223,4.88,0.9863,,0.0165,
Argentina,Juanchi,MARCA C,Devoto,Rappi Turbo,1 may 2025,2487,0.039,97,1720996,0.1753,5,0.9986,,0.0103,
Argentina,Juanchi,MARCA C,Devoto,Rappi Turbo,1 abr 2025,1736,0.053,92,1548520,0.2717,5,1,,0,
Argentina,Juanchi,MARCA C,Urquiza,Rappi Turbo,1 jun 2025,2195,0.041,90,1830460,0.3444,4.2,1,,0.0111,
Argentina,Juanchi,MARCA C,Urquiza,Rappi Turbo,1 abr 2025,1123,0.073,82,1516690,0.3537,5,0.9978,,0,
Argentina,Juanchi,MARCA C,Devoto,Rappi Turbo,1 jun 2025,2419,0.031,75,1327208,0.2933,3.33,0.9974,,0,
Argentina,Juanchi,MARCA C,Recoleta,Rappi Turbo,1 may 2025,2704,0.027,73,1217882,0.2877,4.56,0.9933,,0.0137,
Argentina,Juanchi,MARCA C,Recoleta,Rappi Turbo,1 abr 2025,1868,0.038,71,1420365,0.2535,4.8,0.9993,,0,
Argentina,Juanchi,MARCA C,Recoleta,Rappi Turbo,1 jun 2025,2923,0.013,38,570614,0.3421,5,0.9993,,0,
Argentina,Juanchi,MARCA D ,Recoleta,Pedidos Ya,1 ago 2024,2728,0.1543,421,6150729,,4.5,0.997,0.1357,0,15
Argentina,Juanchi,MARCA D ,Belgrano,Pedidos Ya,1 ago 2024,2448,0.1687,413,6414579,,4.4,0.9921,0.1519,0,20
Argentina,Juanchi,MARCA D ,Belgrano,Pedidos Ya,1 jul 2024,2377,0.1519,361,5458068.5,,4.4,0.9786,0.1519,0,21
Argentina,Juanchi,MARCA D ,Urquiza,Pedidos Ya,1 ago 2024,1571,0.184,289,4280084.5,,4.5,0.9879,0.1272,0,27
Argentina,Juanchi,MARCA D ,Recoleta,Pedidos Ya,1 sept 2024,2960,0.0929,275,4611696.5,,4.5,0.9994,0.0929,0,14
Argentina,Juanchi,MARCA D ,Urquiza,Pedidos Ya,1 sept 2024,1851,0.1464,271,4114259,,4.6,0.9988,0.1464,0.0037,24
Argentina,Juanchi,MARCA D ,Recoleta,Pedidos Ya,1 jul 2024,1990,0.1357,270,3787547,,4.5,0.9956,0.1357,0,18
Argentina,Juanchi,MARCA D ,Devoto,Pedidos Ya,1 ago 2024,1658,0.1496,248,3470727.5,,4.5,0.9848,0.1151,0.004,18
Argentina,Juanchi,MARCA D ,Belgrano,Pedidos Ya,1 sept 2024,2084,0.1075,224,3927303,,4.4,0.9947,0.1075,0,19
Argentina,Juanchi,MARCA D ,Devoto,Pedidos Ya,1 jul 2024,1772,0.1151,204,2877494.5,,4.5,0.9923,0.1151,0,19
Argentina,Juanchi,MARCA D ,Belgrano,Pedidos Ya,1 feb 2025,1967,0.091,179,4252021,,4.6,0.9985,0.091,0,13
Argentina,Juanchi,MARCA D ,Belgrano,Pedidos Ya,1 may 2025,2390,0.0749,179,4609604.5,,4.5,0.9925,0.0749,0.0109,14
Argentina,Juanchi,MARCA D ,Belgrano,Pedidos Ya,1 nov 2024,1755,0.0946,166,3321267,,4.5,0.9971,0.0946,0,17
Argentina,Juanchi,MARCA D ,Belgrano,Pedidos Ya,1 abr 2025,1672,0.0969,162,3984534,,4.4,0.9985,0.0969,0,14
Argentina,Juanchi,MARCA D ,Belgrano,Pedidos Ya,1 ene 2025,186,0.8662,161,4101792,,4.5,0.9999,0.8662,0,15
Argentina,Juanchi,MARCA D ,Belgrano,Pedidos Ya,1 mar 2025,1587,0.0989,157,4143387.5,,4.6,1,0.0989,0.0124,13
Argentina,Juanchi,MARCA D ,Recoleta,Pedidos Ya,1 oct 2024,2317,0.0656,152,3075896,,4.5,0.9975,0.0656,0,13
Argentina,Juanchi,MARCA D ,Urquiza,Pedidos Ya,1 oct 2024,1402,0.1077,151,3328092.5,,4.6,0.9936,0.1077,0,23
Argentina,Juanchi,MARCA D ,Urquiza,Pedidos Ya,1 jul 2024,1164,0.1272,148,2186306,,4.5,0.9969,0.1272,0,28
Argentina,Juanchi,MARCA D ,Belgrano,Pedidos Ya,1 oct 2024,1649,0.0861,142,2906981.5,,4.4,0.9956,0.0861,0,17
Argentina,Juanchi,MARCA D ,Recoleta,Pedidos Ya,1 nov 2024,2683,0.0518,139,3159476.5,,4.6,0.9995,0.0518,0,13
Argentina,Juanchi,MARCA D ,Urquiza,Pedidos Ya,1 may 2025,1710,0.0813,139,3509743.5,,4.4,0.9871,0.0813,0,16
Argentina,Juanchi,MARCA D ,Urquiza,Pedidos Ya,1 ene 2025,158,0.844,133,3457735.5,,4.6,0.9957,0.844,0,19
Argentina,Juanchi,MARCA D ,Urquiza,Pedidos Ya,1 feb 2025,1366,0.0915,125,2865212,,4.4,0.9993,0.0915,0,20
Argentina,Juanchi,MARCA D ,Urquiza,Pedidos Ya,1 abr 2025,1204,0.103,124,3025386,,4.5,0.9767,0.103,0.0079,16
Argentina,Juanchi,MARCA D ,Belgrano,Pedidos Ya,1 jun 2025,1967,0.061,120,3640277.5,,4.6,0.9908,0.061,0,14
Argentina,Juanchi,MARCA D ,Devoto,Pedidos Ya,1 sept 2024,1313,0.0906,119,2104900,,4.5,0.9972,0.0906,0,17
Argentina,Juanchi,MARCA D ,Urquiza,Pedidos Ya,1 nov 2024,1255,0.094,118,2612749.5,,4.5,0.9948,0.094,0.0084,23
Argentina,Juanchi,MARCA D ,Recoleta,Pedidos Ya,1 feb 2025,2035,0.057,116,2681248.5,,4.4,0.9912,0.057,0,12
Argentina,Juanchi,MARCA D ,Recoleta,Pedidos Ya,1 may 2025,2402,0.0483,116,2449468.5,,4.4,0.9874,0.0483,0,12
Argentina,Juanchi,MARCA D ,Urquiza,Rappi,1 abr 2025,1948,0.058,113,2772520,0.3628,5,0.9963,,0,
Argentina,Juanchi,MARCA D ,Devoto,Pedidos Ya,1 ene 2025,132,0.847,112,2725989.5,,4.6,0.9956,0.847,0,12
Argentina,Juanchi,MARCA D ,Urquiza,Pedidos Ya,1 dic 2024,119,0.929,111,2811158,,4.6,0.9959,0.929,0,21
Argentina,Juanchi,MARCA D ,Devoto,Pedidos Ya,1 oct 2024,1115,0.0978,109,2173480.5,,4.5,0.997,0.0978,0,15
Argentina,Juanchi,MARCA D ,Urquiza,Rappi,1 dic 2024,1862,0.058,108,2753510,0.3519,4.25,0.9932,,0.0093,
Argentina,Juanchi,MARCA D ,Devoto,Pedidos Ya,1 may 2025,1967,0.0549,108,2842841,,4.6,0.9855,0.0549,0,15
Argentina,Juanchi,MARCA D ,Recoleta,Pedidos Ya,1 ene 2025,115,0.9034,104,2658955,,4.5,0.9943,0.9034,0,12
Argentina,Juanchi,MARCA D ,Devoto,Pedidos Ya,1 abr 2025,1370,0.0759,104,2911698.5,,4.6,0.9889,0.0759,0,15
Argentina,Juanchi,MARCA D ,Urquiza,Rappi,1 oct 2024,3778,0.027,102,2202040,0.3627,4.5,0.9944,,0,
Argentina,Juanchi,MARCA D ,Belgrano,Pedidos Ya,1 dic 2024,107,0.9373,100,2407654,,4.4,0.9755,0.9373,0,16
Argentina,Juanchi,MARCA D ,Devoto,Pedidos Ya,1 feb 2025,1781,0.0556,99,2269418,,4.5,0.9968,0.0556,0,13
Argentina,Juanchi,MARCA D ,Devoto,Rappi,1 abr 2025,2341,0.041,96,2144050,0.4688,4.4,0.9993,,0,
Argentina,Juanchi,MARCA D ,Urquiza,Pedidos Ya,1 mar 2025,1179,0.0814,96,2583577,,4.4,0.9866,0.0814,0,18
Argentina,Juanchi,MARCA D ,Devoto,Pedidos Ya,1 mar 2025,1369,0.0694,95,2282373.5,,4.5,0.9947,0.0694,0,14
Argentina,Juanchi,MARCA D ,Recoleta,Pedidos Ya,1 dic 2024,101,0.9342,94,2373347.5,,4.5,0.9966,0.9342,0,12
Argentina,Juanchi,MARCA D ,Belgrano,Rappi,1 oct 2024,2421,0.038,92,1846300,0.2717,4.75,0.9978,,0,
Argentina,Juanchi,MARCA D ,Urquiza,Rappi,1 ene 2025,1878,0.049,92,2190645,0.2174,5,0.9927,,0,
Argentina,Juanchi,MARCA D ,Belgrano,Rappi,1 sept 2024,1579,0.057,90,1676010,0.3111,5,0.9942,,0,
Argentina,Juanchi,MARCA D ,Recoleta,Rappi,1 abr 2025,3000,0.03,90,2215320,0.4333,4.6,1,,0,
Argentina,Juanchi,MARCA D ,Urquiza,Rappi,1 may 2025,2543,0.035,89,2218020,0.4494,5,0.996,,0.0225,
Argentina,Juanchi,MARCA D ,Urquiza,Pedidos Ya,1 jun 2025,1417,0.0628,89,2589840.05,,4.4,0.9829,0.0628,0,18
Argentina,Juanchi,MARCA D ,Belgrano,Rappi,1 abr 2025,1441,0.059,85,1910250,0.3412,4.57,0.997,,0,
Argentina,Juanchi,MARCA D ,Belgrano,Rappi,1 ago 2024,832,0.101,84,1409890,0.4405,4,0.9812,,0,
Argentina,Juanchi,MARCA D ,Urquiza,Rappi,1 nov 2024,2400,0.035,84,2307936,0.1667,4.4,0.98,,0,
Argentina,Juanchi,MARCA D ,Recoleta,Rappi,1 dic 2024,2412,0.034,82,1798980,0.3293,5,0.9821,,0,
Argentina,Juanchi,MARCA D ,Devoto,Pedidos Ya,1 nov 2024,1220,0.0672,82,1787389.5,,4.4,0.9913,0.0672,0,15
Argentina,Juanchi,MARCA D ,Belgrano,Rappi,1 mar 2025,1500,0.054,81,1975715,0.3086,3.57,0.9998,,0,
Argentina,Juanchi,MARCA D ,Recoleta,Rappi,1 may 2025,2857,0.028,80,2223681,0.3875,4.64,0.9938,,0,
Argentina,Juanchi,MARCA D ,Recoleta,Rappi,1 jun 2025,3810,0.021,80,2372974,0.3375,4.29,1,,0,
Argentina,Juanchi,MARCA D ,Recoleta,Pedidos Ya,1 mar 2025,1436,0.0557,80,2152175,,4.4,0.9957,0.0557,0.012,12
Argentina,Juanchi,MARCA D ,Urquiza,Rappi,1 mar 2025,2171,0.035,76,1974430,0.4474,4.29,0.9894,,0,
Argentina,Juanchi,MARCA D ,Devoto,Rappi,1 ene 2025,2176,0.034,74,1601870,0.4189,4.75,0.9991,,0,
Argentina,Juanchi,MARCA D ,Belgrano,Rappi,1 dic 2024,2571,0.028,72,1957625,0.4028,3.5,0.9845,,0,
Argentina,Juanchi,MARCA D ,Devoto,Rappi,1 mar 2025,2182,0.033,72,1957075,0.4583,5,0.9919,,0,
Argentina,Juanchi,MARCA D ,Urquiza,Rappi,1 sept 2024,1246,0.057,71,1206910,0.2958,4.67,0.999,,0,
Argentina,Juanchi,MARCA D ,Recoleta,Rappi,1 oct 2024,2917,0.024,70,1533580,0.2571,3.75,1,,0,
Argentina,Juanchi,MARCA D ,Recoleta,Pedidos Ya,1 abr 2025,1510,0.0457,69,1635717,,4.4,0.9972,0.0457,0,11
Argentina,Juanchi,MARCA D ,Devoto,Rappi,1 feb 2025,2125,0.032,68,1979875,0.4853,4.5,1,,0,
Argentina,Juanchi,MARCA D ,Urquiza,Rappi,1 jun 2025,2720,0.025,68,1829738,0.4559,3.25,1,,0,
Argentina,Juanchi,MARCA D ,Recoleta,Rappi,1 feb 2025,2241,0.029,65,1581685,0.2769,5,0.9923,,0,
Argentina,Juanchi,MARCA D ,Recoleta,Rappi,1 nov 2024,3200,0.02,64,1720093,0.2656,5,0.9986,,0,
Argentina,Juanchi,MARCA D ,Belgrano,Rappi,1 nov 2024,1829,0.035,64,1586922,0.2969,4.8,0.9867,,0,
Argentina,Juanchi,MARCA D ,Belgrano,Rappi,1 jun 2025,1391,0.046,64,1479218,0.4375,3.8,0.9942,,0,
Argentina,Juanchi,MARCA D ,Belgrano,Rappi,1 jul 2024,513,0.119,61,838450,0.2787,4.5,0.9879,,0,
Argentina,Juanchi,MARCA D ,Devoto,Rappi,1 dic 2024,1419,0.043,61,1484185,0.377,3.33,0.9972,,0,
Argentina,Juanchi,MARCA D ,Recoleta,Rappi,1 mar 2025,2000,0.03,60,1517680,0.2667,4.57,0.9945,,0,
Argentina,Juanchi,MARCA D ,Belgrano,Rappi,1 may 2025,1135,0.052,59,1652450,0.3051,3.2,0.9975,,0,
Argentina,Juanchi,MARCA D ,Devoto,Pedidos Ya,1 jun 2025,1432,0.0412,59,1394435,,4.4,0.9841,0.0412,0,18
Argentina,Juanchi,MARCA D ,Recoleta,Rappi,1 sept 2024,1302,0.043,56,1062045,0.2143,4.33,0.9988,,0,
Argentina,Juanchi,MARCA D ,Recoleta,Rappi,1 ene 2025,1647,0.034,56,1226570,0.4107,3.17,0.9959,,0,
Argentina,Juanchi,MARCA D ,Belgrano,Rappi,1 feb 2025,1719,0.032,55,1537970,0.2727,4.75,1,,0,
Argentina,Juanchi,MARCA D ,Belgrano,Rappi,1 ene 2025,1688,0.032,54,1271710,0.2778,5,0.9961,,0,
Argentina,Juanchi,MARCA D ,Urquiza,Rappi,1 feb 2025,1767,0.03,53,1271610,0.3962,0,1,,0,
Argentina,Juanchi,MARCA D ,Recoleta,Pedidos Ya,1 jun 2025,2172,0.0244,53,1752215,,4.5,0.9885,0.0244,0,14
Argentina,Juanchi,MARCA D ,Devoto,Pedidos Ya,1 dic 2024,56,0.9238,52,1171825.5,,4.5,0.997,0.9238,0.037,15
Argentina,Juanchi,MARCA D ,Devoto,Rappi,1 nov 2024,2042,0.024,49,1451238,0.1633,5,0.9905,,0,
Argentina,Juanchi,MARCA D ,Urquiza,Rappi,1 jul 2024,338,0.139,47,666075,0.3617,4.5,0.9885,,0.0213,
Argentina,Juanchi,MARCA D ,Devoto,Rappi,1 jun 2025,3231,0.013,42,1137364,0.5476,4.5,0.9932,,0,
Argentina,Juanchi,MARCA D ,Devoto,Rappi,1 may 2025,1226,0.031,38,1087260,0.4474,5,0.9998,,0,
Argentina,Juanchi,MARCA D ,Devoto,Rappi,1 jul 2024,261,0.119,31,407795,0.2581,5,0.9904,,0,
Argentina,Juanchi,MARCA D ,Devoto,Rappi,1 oct 2024,2727,0.011,30,446565,0.2333,5,1,,0,
Argentina,Juanchi,MARCA D ,Urquiza,Rappi,1 ago 2024,231,0.121,28,443545,0.3214,5,0.983,,0.0357,
Argentina,Juanchi,MARCA D ,Recoleta,Rappi,1 ago 2024,280,0.093,26,408575,0.2692,4,1,,0,
Argentina,Juanchi,MARCA D ,Devoto,Rappi,1 sept 2024,813,0.032,26,430650,0.3462,5,0.9974,,0,
Argentina,Juanchi,MARCA D ,Recoleta,Rappi,1 jul 2024,222,0.099,22,294560,0.1818,5,0.9482,,0,
Argentina,Juanchi,MARCA D ,Devoto,Rappi,1 ago 2024,134,0.097,13,169195,0.3077,0,0.9843,,0,
Argentina,Juanchi,MARCA A ,Devoto,Pedidos Ya,1 jul 2025,20323,0.1798,3654,91734544.75,,4.5,0.9704,0.1798,0.0005,13
Argentina,Juanchi,MARCA A ,Urquiza,Pedidos Ya,1 jul 2025,19807,0.1659,3286,87212087.3,,4.5,0.9361,0.1659,0.0003,16
Argentina,Juanchi,MARCA A ,Belgrano,Pedidos Ya,1 jul 2025,19177,0.1702,3264,80605853.5,,4.6,0.9308,0.1702,0.0009,15
Argentina,Juanchi,MARCA A ,Recoleta,Pedidos Ya,1 jul 2025,22667,0.1376,3119,76735406.2,,4.6,0.9366,0.1376,0.0006,13
Argentina,Juanchi,MARCA A ,Recoleta,Pedidos Ya,14 jul 2025,,,,,,,,,,
Argentina,Juanchi,MARCA A ,Belgrano,Pedidos Ya,14 jul 2025,,,,,,,,,,
Argentina,Juanchi,MARCA A ,Devoto,Pedidos Ya,14 jul 2025,,,,,,,,,,
Argentina,Juanchi,MARCA A ,Urquiza,Pedidos Ya,14 jul 2025,,,,,,,,,,
Argentina,Juanchi,MARCA B,Urquiza,Pedidos Ya,1 jul 2025,8359,0.1274,1065,28075687.1,,4.5,0.9665,0.1274,0.0009,15
Argentina,Juanchi,MARCA B,Belgrano,Pedidos Ya,1 jul 2025,7931,0.1334,1058,28278468.85,,4.5,0.9834,0.1334,0.0009,15
Argentina,Juanchi,MARCA B,Devoto,Pedidos Ya,1 jul 2025,7550,0.1212,915,25499673.25,,4.6,0.989,0.1212,0,13
Argentina,Juanchi,MARCA B,Recoleta,Pedidos Ya,1 jul 2025,7390,0.1019,753,19245327,,4.6,0.9478,0.1019,0.0168,12
Argentina,Juanchi,MARCA B,Recoleta,Pedidos Ya,14 jul 2025,,,,,,,,,,
Argentina,Juanchi,MARCA B,Belgrano,Pedidos Ya,14 jul 2025,,,,,,,,,,
Argentina,Juanchi,MARCA B,Devoto,Pedidos Ya,14 jul 2025,,,,,,,,,,
Argentina,Juanchi,MARCA B,Urquiza,Pedidos Ya,14 jul 2025,,,,,,,,,,
Argentina,Juanchi,MARCA C,Urquiza,Pedidos Ya,1 jul 2025,4523,0.0765,346,8809010,,4.5,0.9705,0.0765,0,13
Argentina,Juanchi,MARCA C,Belgrano,Pedidos Ya,1 jul 2025,4127,0.079,326,8024741.5,,4.5,0.9923,0.079,0.003,13
Argentina,Juanchi,MARCA C,Devoto,Pedidos Ya,1 jul 2025,4985,0.0654,326,7272732.55,,4.5,0.9824,0.0654,0,12
Argentina,Juanchi,MARCA C,Recoleta,Pedidos Ya,1 jul 2025,3167,0.0663,210,5127145.75,,4.5,0.9452,0.0663,0.0573,10
Argentina,Juanchi,MARCA C,Recoleta,Pedidos Ya,14 jul 2025,,,,,,,,,,
Argentina,Juanchi,MARCA C,Belgrano,Pedidos Ya,14 jul 2025,,,,,,,,,,
Argentina,Juanchi,MARCA C,Devoto,Pedidos Ya,14 jul 2025,,,,,,,,,,
Argentina,Juanchi,MARCA C,Urquiza,Pedidos Ya,14 jul 2025,,,,,,,,,,
Argentina,Juanchi,MARCA D ,Urquiza,Pedidos Ya,1 jul 2025,1785,0.0891,159,3743307,,4.3,0.9875,0.0891,0,17
Argentina,Juanchi,MARCA D ,Belgrano,Pedidos Ya,1 jul 2025,1781,0.0657,117,3396409.7,,4.6,0.9948,0.0657,0,14
Argentina,Juanchi,MARCA D ,Devoto,Pedidos Ya,1 jul 2025,1647,0.0601,99,2501258,,4.4,0.9981,0.0601,0,15
Argentina,Juanchi,MARCA D ,Recoleta,Pedidos Ya,1 jul 2025,1768,0.0543,96,2256984.5,,4.5,0.9684,0.0543,0.0297,14
Argentina,Juanchi,MARCA D ,Recoleta,Pedidos Ya,14 jul 2025,,,,,,,,,,
Argentina,Juanchi,MARCA D ,Belgrano,Pedidos Ya,14 jul 2025,,,,,,,,,,
Argentina,Juanchi,MARCA D ,Devoto,Pedidos Ya,14 jul 2025,,,,,,,,,,
Argentina,Juanchi,MARCA D ,Urquiza,Pedidos Ya,14 jul 2025,,,,,,,,,,